total,ticker,put_call
614,TSLA,PUT
498,TSLA,CALL
274,SPY,PUT
262,AMZN,CALL
230,QQQ,PUT
210,AAPL,CALL
198,ZS,PUT
195,IWM,PUT
183,GOOG,CALL
171,SPY,CALL
169,ARKK,PUT
162,AMZN,PUT
150,NVDA,CALL
148,AAPL,PUT
139,NVDA,PUT
116,GOOGL,CALL
109,GOOGL,PUT
106,SQ,PUT
99,MSFT,CALL
96,GOOG,PUT
88,TQQQ,CALL
87,RGEN,PUT
87,SHOP,PUT
86,PANW,CALL
83,ADBE,PUT
82,FB,CALL
81,QQQ,CALL
78,SHOP,CALL
78,DWAC,PUT
77,C,PUT
74,PFE,CALL
71,UAL,CALL
71,CHWY,PUT
68,BABA,CALL
68,IWM,CALL
66,MSFT,PUT
66,CRM,PUT
63,BABA,PUT
58,CRWD,CALL
56,OKTA,PUT
56,NET,PUT
54,NFLX,CALL
49,QCOM,CALL
48,TLT,PUT
48,ADBE,CALL
47,AMD,CALL
47,C,CALL
47,XLNX,CALL
47,COIN,CALL
46,UBER,CALL
44,UPST,PUT
44,MELI,PUT
44,MRNA,CALL
42,GME,PUT
42,NVAX,CALL
42,AMD,PUT
42,BA,CALL
41,SE,PUT
40,NFLX,PUT
39,INTC,CALL
38,SOFI,CALL
38,AFRM,PUT
38,CRWD,PUT
38,CRM,CALL
37,COIN,PUT
37,UPST,CALL
37,NET,CALL
36,F,CALL
36,AVGO,PUT
36,DDOG,CALL
35,FB,PUT
35,CVNA,PUT
35,PYPL,CALL
35,ZM,PUT
34,EL,CALL
34,ROKU,PUT
33,ACN,CALL
33,UNH,CALL
32,LRCX,CALL
32,ABBV,CALL
32,SE,CALL
32,DOCU,PUT
32,TTD,PUT
32,GS,CALL
31,ZS,CALL
31,MS,PUT
31,JPM,CALL
31,ENPH,PUT
30,PLTR,PUT
30,ESSC,CALL
30,CGC,PUT
30,F,PUT
29,MSTR,CALL
29,BYND,PUT
29,INTU,CALL
29,XOP,PUT
28,MU,CALL
28,ROKU,CALL
28,AVGO,CALL
28,ARKF,PUT
28,XBI,PUT
28,CAT,CALL
27,MDB,PUT
27,DKNG,PUT
27,XLK,CALL
27,NIO,PUT
27,ASML,CALL
27,LAZR,PUT
27,COST,CALL
27,NIO,CALL
27,PTON,CALL
27,TQQQ,PUT
27,WMT,CALL
26,MELI,CALL
26,TLRY,PUT
26,RUN,PUT
26,RIVN,PUT
26,V,CALL
25,SNOW,PUT
25,DIS,CALL
25,AMC,PUT
25,SLV,PUT
25,PG,CALL
25,PLTR,CALL
25,RBLX,PUT
25,DIS,PUT
25,SMH,CALL
25,AFRM,CALL
24,ETSY,PUT
24,MRNA,PUT
24,ZIM,CALL
24,RBLX,CALL
24,BA,PUT
23,DOCU,CALL
23,QCOM,PUT
23,SQ,CALL
23,TDOC,CALL
23,DOCN,CALL
23,ABNB,CALL
22,GOLD,CALL
22,JD,CALL
22,NVAX,PUT
22,FXI,CALL
22,ARKK,CALL
22,KRE,PUT
22,GNRC,PUT
21,GM,CALL
21,BAC,CALL
21,SNOW,CALL
20,SOXL,CALL
20,XLF,CALL
20,INTU,PUT
20,MARA,PUT
20,DIA,PUT
20,BKKT,PUT
20,PLUG,CALL
20,CVS,CALL
20,ENPH,CALL
20,HOOD,CALL
20,MU,PUT
19,MSTR,PUT
19,ASAN,PUT
19,GRAB,CALL
19,NOW,PUT
19,XLE,CALL
19,HD,PUT
19,RIVN,CALL
19,TSM,PUT
19,LCID,CALL
19,AMAT,CALL
19,UAL,PUT
19,ATVI,CALL
19,LOW,CALL
19,MARA,CALL
19,BKNG,CALL
19,FUTU,PUT
19,ZM,CALL
18,RUN,CALL
18,GME,CALL
18,DIA,CALL
18,EWZ,PUT
18,VIAC,CALL
18,KO,CALL
18,COST,PUT
18,HD,CALL
18,TTD,CALL
18,ETSY,CALL
18,CPRI,CALL
18,RACE,CALL
17,GLD,PUT
17,SNAP,CALL
17,MRVL,CALL
17,SPOT,CALL
17,LCID,PUT
17,HUBS,CALL
17,BKNG,PUT
17,CCL,PUT
17,MA,CALL
17,JD,PUT
17,BNTX,CALL
17,BX,CALL
17,PYPL,PUT
16,COTY,CALL
16,T,CALL
16,SLV,CALL
16,LLY,PUT
16,TDOC,PUT
16,LABU,CALL
16,ROM,CALL
16,GLD,CALL
15,HOOD,PUT
15,GM,PUT
15,AA,CALL
15,FDX,PUT
15,EEM,PUT
15,EWZ,CALL
15,DOCN,PUT
15,WYNN,PUT
15,UNG,CALL
15,BAC,PUT
15,WFC,CALL
15,BMY,CALL
15,LOW,PUT
15,SQQQ,CALL
14,CVX,CALL
14,RKLB,CALL
14,CI,CALL
14,TSM,CALL
14,BNTX,PUT
14,USO,PUT
14,TXN,CALL
14,JNJ,CALL
14,PTON,PUT
14,ORCL,CALL
14,SPOT,PUT
14,XOM,CALL
14,GILD,CALL
14,NKE,CALL
14,MET,PUT
14,HYG,PUT
14,BITO,PUT
13,LMND,PUT
13,HAL,PUT
13,U,CALL
13,GS,PUT
13,CMG,CALL
13,XBI,CALL
13,AZO,CALL
13,NOW,CALL
13,INMD,CALL
13,ZIM,PUT
13,HTZ,CALL
13,DKNG,CALL
13,HUM,CALL
13,USO,CALL
13,RIOT,PUT
13,TWLO,PUT
13,NUE,CALL
13,PLUG,PUT
12,PINS,CALL
12,XLI,PUT
12,BX,PUT
12,KRE,CALL
12,XLE,PUT
12,X,PUT
12,V,PUT
12,RH,CALL
12,TMO,CALL
12,XLF,PUT
12,DDOG,PUT
12,SNAP,PUT
12,BLK,PUT
12,LULU,PUT
12,LVS,PUT
12,REGN,CALL
12,MSCI,PUT
12,UBER,PUT
12,LULU,CALL
12,MRK,PUT
11,AMC,CALL
11,TWTR,CALL
11,EVBG,CALL
11,TBT,CALL
11,GE,CALL
11,AAL,PUT
11,MS,CALL
11,SMH,PUT
11,AAL,CALL
11,MA,PUT
11,SNPS,CALL
11,TGT,CALL
11,WYNN,CALL
11,GOLD,PUT
11,RKT,CALL
11,FCX,PUT
11,CSCO,CALL
11,WKHS,PUT
11,NTNX,PUT
10,STNG,CALL
10,CMG,PUT
10,BYND,CALL
10,VIAC,PUT
10,SPXL,CALL
10,NCLH,CALL
10,IWP,PUT
10,SPXU,CALL
10,SYK,PUT
10,WMT,PUT
10,PINS,PUT
10,SOFI,PUT
10,XOP,CALL
10,TNA,CALL
10,MT,CALL
10,UNH,PUT
10,SEDG,PUT
10,IYR,PUT
10,DAL,PUT
10,GSL,PUT
10,BIIB,PUT
10,LUV,PUT
10,KWEB,PUT
10,GE,PUT
10,MRVL,PUT
10,INTC,PUT
10,SAVA,CALL
10,LEN,CALL
10,M,CALL
10,TITN,CALL
9,FCX,CALL
9,ABNB,PUT
9,ORCL,PUT
9,CAT,PUT
9,SEAH,CALL
9,IWD,PUT
9,GDX,PUT
9,DVN,CALL
9,EEM,CALL
9,SPCE,PUT
9,AUPH,CALL
9,DASH,PUT
9,QS,PUT
9,XLNX,PUT
9,SPLK,PUT
9,FXI,PUT
9,Z,PUT
9,ABT,CALL
9,JPM,PUT
9,CCI,CALL
9,QLD,CALL
9,KLAC,CALL
9,BIDU,CALL
9,TEAM,CALL
9,WDAY,PUT
9,XLK,PUT
8,CCJ,PUT
8,ENVX,CALL
8,DXCM,PUT
8,MTCH,PUT
8,JOBS,CALL
8,FANG,CALL
8,ONON,PUT
8,BEKE,CALL
8,CHTR,PUT
8,PANW,PUT
8,IBM,CALL
8,COF,CALL
8,KWEB,CALL
8,IRBT,PUT
8,BHC,PUT
8,AMAT,PUT
8,CVE,CALL
8,BILL,CALL
8,AIG,CALL
8,TLRY,CALL
8,ZI,CALL
8,BP,CALL
8,EXPE,PUT
8,TEAM,PUT
8,NKE,PUT
8,PENN,PUT
8,SI,PUT
8,GH,PUT
8,TNA,PUT
8,BITO,CALL
7,WFC,PUT
7,OSTK,PUT
7,SCHW,CALL
7,DKS,PUT
7,PEP,CALL
7,EFA,PUT
7,KSS,CALL
7,FDX,CALL
7,MDB,CALL
7,TER,CALL
7,XLY,PUT
7,ZBRA,CALL
7,EQT,CALL
7,ALGN,CALL
7,OIH,PUT
7,APPN,PUT
7,FTNT,CALL
7,DE,PUT
7,LYV,CALL
7,GREE,PUT
7,WIX,PUT
7,TWTR,PUT
7,GDX,CALL
7,XRT,PUT
7,NVO,CALL
7,BIDU,PUT
7,DE,CALL
7,LVS,CALL
7,MTTR,CALL
7,ET,CALL
7,CL,CALL
7,XLY,CALL
7,XPEV,CALL
7,SLB,CALL
7,INSP,CALL
7,TLT,CALL
7,LIT,CALL
7,RDW,PUT
7,MAR,CALL
7,TEVA,PUT
7,TZA,CALL
7,DWAC,CALL
7,LAD,PUT
6,STX,CALL
6,JETS,PUT
6,OPAD,PUT
6,REAL,CALL
6,CZR,PUT
6,OXY,CALL
6,VALE,PUT
6,RCL,CALL
6,KRBN,CALL
6,CDNS,CALL
6,ILMN,CALL
6,TAN,PUT
6,BHP,PUT
6,DHI,CALL
6,PDD,PUT
6,LAC,CALL
6,ISRG,CALL
6,SBUX,CALL
6,TWLO,CALL
6,NCR,CALL
6,SI,CALL
6,VZ,PUT
6,OPEN,CALL
6,DG,CALL
6,BBY,PUT
6,CORT,PUT
6,MRK,CALL
6,SOXL,PUT
6,BLDP,CALL
6,FAS,CALL
6,WB,PUT
6,VST,CALL
6,ASML,PUT
6,OSTK,CALL
6,X,CALL
6,IAA,CALL
6,NEE,CALL
6,DAL,CALL
6,MT,PUT
6,KO,PUT
6,XPEV,PUT
6,W,PUT
6,ARKW,PUT
6,PRU,CALL
6,PLBY,PUT
6,ISRG,PUT
6,LYFT,PUT
6,IONQ,PUT
6,TECL,CALL
6,VZ,CALL
6,DT,CALL
6,CHPT,CALL
6,IWO,PUT
5,CZR,CALL
5,XPDI,PUT
5,SAM,PUT
5,ESTC,CALL
5,AXSM,PUT
5,HBM,CALL
5,EXPE,CALL
5,MGM,PUT
5,BLK,CALL
5,ZEN,CALL
5,XLV,CALL
5,DCP,CALL
5,MTTR,PUT
5,SPG,PUT
5,DOW,PUT
5,HON,CALL
5,ARWR,PUT
5,MP,CALL
5,LUV,CALL
5,CHTR,CALL
5,UWMC,CALL
5,MSOS,CALL
5,BTBT,PUT
5,K,PUT
5,CCL,CALL
5,UPS,CALL
5,EL,PUT
5,SOXX,CALL
5,EWG,CALL
5,BBY,CALL
5,LEN,PUT
5,CHPT,PUT
5,IJR,PUT
5,DHR,CALL
5,ZI,PUT
5,SIVB,PUT
5,PBR,PUT
5,CMCSA,CALL
5,FFIE,CALL
5,CLF,CALL
5,VEEV,PUT
5,TMO,PUT
5,KLIC,CALL
5,MDT,PUT
5,BMY,PUT
5,MSOS,PUT
5,ZEN,PUT
5,CHGG,PUT
5,MMM,PUT
5,RETA,PUT
5,OIH,CALL
5,SWKS,CALL
5,ANTM,CALL
5,GRWG,PUT
5,SQM,PUT
5,APO,CALL
5,SPXL,PUT
5,SAM,CALL
5,NVTA,CALL
5,ZG,PUT
5,TSP,PUT
5,CHWY,CALL
5,LRCX,PUT
5,MCD,CALL
5,U,PUT
5,T,PUT
5,ASO,CALL
5,COUP,CALL
5,LIVN,CALL
5,HPQ,CALL
5,BLDR,CALL
5,ILMN,PUT
5,HUBS,PUT
5,FVRR,PUT
5,SBNY,CALL
4,FUBO,PUT
4,ULTA,CALL
4,FUTU,CALL
4,WAL,CALL
4,MET,CALL
4,OKTA,CALL
4,CIEN,CALL
4,KSS,PUT
4,UAN,CALL
4,XM,CALL
4,VMW,CALL
4,TSN,CALL
4,SPG,CALL
4,RLX,CALL
4,CLOU,PUT
4,QRVO,CALL
4,LLY,CALL
4,CDNS,PUT
4,AMBA,CALL
4,DHR,PUT
4,URI,CALL
4,VLO,CALL
4,W,CALL
4,CLSK,PUT
4,NRG,CALL
4,PFE,PUT
4,EWG,PUT
4,GRAB,PUT
4,VRTX,CALL
4,ASAN,CALL
4,PLBY,CALL
4,IONQ,CALL
4,FUBO,CALL
4,INDI,PUT
4,SRPT,CALL
4,AVDL,PUT
4,ABBV,PUT
4,BOIL,CALL
4,DISCK,PUT
4,CNC,CALL
4,TXN,PUT
4,DELL,PUT
4,PTC,PUT
4,CAR,CALL
4,GGPI,CALL
4,LI,PUT
4,ARCH,CALL
4,SKLZ,PUT
4,MSCI,CALL
4,MAR,PUT
4,LAZR,CALL
4,HAL,CALL
4,CVNA,CALL
4,CNK,CALL
4,VLO,PUT
4,FISV,CALL
4,ESSC,PUT
4,GDXJ,PUT
4,XLP,CALL
4,PG,PUT
4,EBAY,CALL
4,FANG,PUT
4,CRSP,CALL
4,PLD,CALL
4,AUPH,PUT
4,JETS,CALL
4,FL,PUT
4,DISCA,PUT
4,AZN,PUT
4,EMB,PUT
4,DIDI,PUT
4,SWBI,PUT
4,M,PUT
4,VNQ,PUT
4,BCRX,CALL
4,COF,PUT
4,RIOT,CALL
4,ATVI,PUT
4,TROW,CALL
4,ME,PUT
4,TEVA,CALL
4,NTR,CALL
4,ANSS,CALL
4,UPWK,PUT
4,VTI,PUT
4,TOST,PUT
4,AXP,PUT
4,STNE,PUT
4,LABU,PUT
4,PL,PUT
4,FISV,PUT
4,PVH,PUT
4,UPRO,PUT
4,APPS,PUT
4,MPC,PUT
4,SSO,CALL
4,ATUS,CALL
4,EFX,CALL
4,SBNY,PUT
4,POST,CALL
3,CRL,CALL
3,ARQQ,PUT
3,KHC,CALL
3,LC,CALL
3,SPIR,PUT
3,TTCF,PUT
3,PUBM,PUT
3,NUGT,CALL
3,LYFT,CALL
3,PENN,CALL
3,BB,CALL
3,DVN,PUT
3,QS,CALL
3,APA,PUT
3,BBBY,PUT
3,HLIO,CALL
3,HUT,CALL
3,EFX,PUT
3,URTY,CALL
3,BIIB,CALL
3,KR,CALL
3,VOO,CALL
3,LQD,PUT
3,CYRX,PUT
3,KR,PUT
3,SAVA,PUT
3,KMB,CALL
3,SPXS,CALL
3,MCD,PUT
3,VRM,CALL
3,MMM,CALL
3,AAWW,CALL
3,ALB,CALL
3,BBIO,CALL
3,AYX,PUT
3,BILI,CALL
3,GWW,CALL
3,APP,CALL
3,UPRO,CALL
3,S,CALL
3,PATH,PUT
3,CWH,CALL
3,CLF,PUT
3,VALE,CALL
3,COP,CALL
3,MCK,CALL
3,VTI,CALL
3,SPWR,PUT
3,MPC,CALL
3,COUP,PUT
3,SNPS,PUT
3,BP,PUT
3,RNG,CALL
3,SBLK,PUT
3,TGT,PUT
3,INCY,CALL
3,XHB,PUT
3,LC,PUT
3,MPWR,PUT
3,UWMC,PUT
3,MO,CALL
3,KMI,CALL
3,ADSK,PUT
3,WISH,PUT
3,GNRC,CALL
3,AMGN,CALL
3,LWLG,CALL
3,EVGO,CALL
3,ZIOP,PUT
3,ARQQ,CALL
3,ALB,PUT
3,ADSK,CALL
3,TFX,PUT
3,MLM,CALL
3,TGLS,CALL
3,DQ,PUT
3,RRC,CALL
3,EXAS,CALL
3,JNPR,CALL
3,AOUT,PUT
3,MLCO,CALL
3,GOGL,PUT
3,SEDG,CALL
3,PACB,PUT
3,SQM,CALL
3,EQIX,PUT
3,EPD,PUT
3,KGC,CALL
3,FTNT,PUT
3,NCLH,PUT
3,KEYS,PUT
3,AMT,PUT
3,DVY,PUT
3,ODFL,CALL
3,AG,CALL
3,JBLU,PUT
3,MNTS,PUT
3,SPGI,PUT
3,FSR,CALL
3,EDIT,PUT
3,GFS,CALL
3,MO,PUT
3,HCA,CALL
3,RCL,PUT
3,IPOF,CALL
3,BBBY,CALL
3,DOCS,PUT
3,SOXX,PUT
3,POWW,PUT
3,TT,CALL
3,XHB,CALL
3,DASH,CALL
3,SRNE,CALL
3,PUBM,CALL
3,EFA,CALL
3,IBB,CALL
3,GDXJ,CALL
3,QLD,PUT
3,LH,CALL
3,SPWR,CALL
3,BHC,CALL
3,PEP,PUT
3,IT,PUT
3,FICO,PUT
3,FTCH,PUT
2,CNK,PUT
2,MSI,CALL
2,DKS,CALL
2,MRO,CALL
2,ALDX,CALL
2,GPS,PUT
2,SLB,PUT
2,CZOO,PUT
2,WM,PUT
2,FATE,CALL
2,PRFT,PUT
2,SPT,PUT
2,FRSH,PUT
2,ERF,CALL
2,GLOB,CALL
2,URA,CALL
2,ZTS,CALL
2,XPDI,CALL
2,DRI,CALL
2,XOM,PUT
2,ALLY,PUT
2,ITCI,CALL
2,SITM,CALL
2,VET,CALL
2,SOXS,PUT
2,HYLN,PUT
2,ALK,CALL
2,JWN,PUT
2,OVV,CALL
2,CVX,PUT
2,FOUR,CALL
2,HES,CALL
2,VMW,PUT
2,CMCSA,PUT
2,IVV,PUT
2,URNM,CALL
2,CAR,PUT
2,BROS,PUT
2,VCR,CALL
2,BTI,CALL
2,AXP,CALL
2,ADI,PUT
2,NEM,CALL
2,INSG,PUT
2,TPC,PUT
2,SAP,PUT
2,JXN,CALL
2,IQ,PUT
2,PD,PUT
2,NMM,CALL
2,ALDX,PUT
2,BLNK,PUT
2,ALNY,CALL
2,INMD,PUT
2,URI,PUT
2,FROG,PUT
2,EMR,CALL
2,LZ,PUT
2,PHM,CALL
2,SLI,PUT
2,CFLT,PUT
2,VEEV,CALL
2,MOS,CALL
2,FSLR,CALL
2,STZ,CALL
2,AMN,CALL
2,TMHC,CALL
2,TRUP,PUT
2,ON,CALL
2,ESRT,PUT
2,ZNGA,PUT
2,ASHR,PUT
2,SIL,CALL
2,POOL,CALL
2,ALL,PUT
2,MDT,CALL
2,RSI,PUT
2,APPS,CALL
2,EBIX,CALL
2,KNSL,CALL
2,SIVB,CALL
2,EBAY,PUT
2,VNQ,CALL
2,DTEA,PUT
2,ON,PUT
2,RHI,CALL
2,BOIL,PUT
2,ASTS,CALL
2,FTCH,CALL
2,CPE,CALL
2,NNI,PUT
2,AVYA,PUT
2,MGA,CALL
2,VIR,CALL
2,PAYC,PUT
2,SLDP,CALL
2,CLR,CALL
2,ACN,PUT
2,COP,PUT
2,UAN,PUT
2,NTES,PUT
2,SUNL,PUT
2,IGT,CALL
2,GLNG,CALL
2,BLDR,PUT
2,FCEL,CALL
2,AXSM,CALL
2,ETWO,PUT
2,MNDY,CALL
2,RH,PUT
2,SKIN,PUT
2,GPN,CALL
2,SEAH,PUT
2,TJX,CALL
2,GILD,PUT
2,EVBG,PUT
2,SDC,PUT
2,ADI,CALL
2,HLT,CALL
2,FAZ,CALL
2,KEYS,CALL
2,RSP,PUT
2,SNDR,CALL
2,RKT,PUT
2,NOVA,CALL
2,Z,CALL
2,EXAS,PUT
2,OMF,CALL
2,CDW,CALL
2,QQQJ,PUT
2,BBIG,CALL
2,DOW,CALL
2,GEF,CALL
2,AMT,CALL
2,TX,CALL
2,VRM,PUT
2,OXY,PUT
2,SHW,CALL
2,ADM,CALL
2,UUP,CALL
2,CHRW,CALL
2,ICE,CALL
2,CVS,PUT
2,GT,PUT
2,DXCM,CALL
2,HTZ,PUT
2,ALTO,CALL
2,NOK,CALL
2,PFSI,CALL
2,FND,PUT
2,LOGI,PUT
2,QTNT,PUT
2,INVH,CALL
2,CPB,CALL
2,RIDE,PUT
2,SQQQ,PUT
2,WAL,PUT
2,OOTO,CALL
2,NVS,PUT
2,CSCO,PUT
2,PAGS,PUT
2,CHK,PUT
2,THRY,CALL
2,LIND,CALL
2,AA,PUT
2,SBUX,PUT
2,ABCL,CALL
2,FLR,CALL
2,CNNE,CALL
2,ARCT,CALL
2,PGJ,CALL
2,AXNX,PUT
2,WBA,PUT
2,BRPM,CALL
2,VB,PUT
2,XLU,PUT
2,CMA,PUT
2,FSLY,CALL
2,ESI,CALL
2,SKIN,CALL
2,NUE,PUT
2,DPZ,PUT
2,OTLY,PUT
2,RIO,CALL
2,UPS,PUT
2,REAL,PUT
2,STEM,PUT
2,NVCR,PUT
2,GRPN,CALL
2,DISH,CALL
2,MX,CALL
2,IYR,CALL
2,CP,CALL
2,JCI,CALL
2,SNY,PUT
2,BAX,PUT
2,SKLZ,CALL
2,CPRT,CALL
2,UUUU,CALL
2,BB,PUT
2,LSCC,CALL
2,FRC,CALL
2,J,CALL
2,LMND,CALL
2,PCTY,PUT
2,AI,PUT
2,TRIP,PUT
2,LITE,CALL
2,KPLT,PUT
2,DIDI,CALL
2,IRBT,CALL
2,BHP,CALL
2,SIX,CALL
2,AR,CALL
2,OPRX,CALL
2,CTAS,CALL
2,OLLI,PUT
2,HRL,CALL
2,GDS,CALL
2,STNE,CALL
2,SAFE,PUT
2,ABUS,CALL
2,DPST,PUT
2,BROS,CALL
2,UHAL,PUT
2,EVR,CALL
2,WM,CALL
2,TECK,CALL
2,GPN,PUT
2,RTX,CALL
2,STEM,CALL
2,FSLR,PUT
2,UDOW,CALL
2,EDR,CALL
2,KLIC,PUT
2,ZLAB,PUT
2,PSX,CALL
2,WISH,CALL
2,FIVE,PUT
2,AMRS,PUT
2,GUSH,CALL
2,SEAC,CALL
2,BILI,PUT
2,CRTX,PUT
2,SOXS,CALL
2,NKTR,CALL
2,PRFT,CALL
2,YNDX,CALL
2,MGM,CALL
2,DELL,CALL
2,SU,PUT
2,AG,PUT
2,NEE,PUT
2,EAR,CALL
2,FINX,PUT
2,PSTG,PUT
2,LOB,CALL
2,EPAM,PUT
2,OKE,PUT
2,GRWG,CALL
2,BSAC,PUT
2,CTXS,PUT
2,SONO,CALL
2,VGT,PUT
2,GPRO,PUT
2,TM,CALL
2,EDIT,CALL
2,XLU,CALL
2,COMM,CALL
2,BKSY,PUT
2,A,PUT
2,AZO,PUT
2,QRVO,PUT
2,WDAY,CALL
2,CELH,PUT
1,OCGN,CALL
1,EA,CALL
1,WBS,CALL
1,HDB,PUT
1,LNC,CALL
1,DDS,CALL
1,TWI,CALL
1,BSX,PUT
1,ALLK,PUT
1,NVTS,CALL
1,VNQI,PUT
1,DISCK,CALL
1,MOS,PUT
1,SFIX,CALL
1,PXD,PUT
1,AAP,CALL
1,HVT,CALL
1,HON,PUT
1,USB,PUT
1,PWR,PUT
1,QID,CALL
1,ZY,PUT
1,WBX,CALL
1,PL,CALL
1,BIRD,PUT
1,ALL,CALL
1,SBSW,CALL
1,WSM,CALL
1,GPK,CALL
1,GLBE,CALL
1,NLS,PUT
1,XME,PUT
1,IPOF,PUT
1,EWU,PUT
1,BE,PUT
1,HPQ,PUT
1,MGNI,CALL
1,CINF,CALL
1,LMT,PUT
1,ERIC,CALL
1,BUD,CALL
1,POSH,PUT
1,RPD,CALL
1,BTU,CALL
1,CLOV,CALL
1,CCS,CALL
1,EGLE,PUT
1,BBW,CALL
1,WW,CALL
1,ORLY,CALL
1,DOLE,CALL
1,RKLB,PUT
1,FTAI,CALL
1,NTES,CALL
1,ATHM,PUT
1,VLD,CALL
1,TRHC,CALL
1,EWY,CALL
1,APLS,PUT
1,ASPN,CALL
1,BFLY,CALL
1,EDU,PUT
1,VDE,PUT
1,KKR,CALL
1,CLOU,CALL
1,PLTK,PUT
1,GRTX,CALL
1,TECL,PUT
1,MKC,CALL
1,HTOO,CALL
1,SGEN,PUT
1,JBHT,PUT
1,XP,CALL
1,ANGI,CALL
1,LPX,CALL
1,DRI,PUT
1,TTT,CALL
1,NBIX,PUT
1,CMRX,PUT
1,LSCC,PUT
1,AI,CALL
1,GDDY,CALL
1,OKE,CALL
1,FUV,CALL
1,AZN,CALL
1,NEM,PUT
1,CERN,CALL
1,NXST,CALL
1,INDI,CALL
1,CROX,PUT
1,PTEN,CALL
1,AEM,CALL
1,VECO,CALL
1,SNV,CALL
1,FFNW,PUT
1,EMR,PUT
1,YOU,PUT
1,RBOT,CALL
1,WELL,CALL
1,ENR,CALL
1,LPI,CALL
1,BE,CALL
1,NSC,CALL
1,BLNK,CALL
1,IEF,PUT
1,LI,CALL
1,ML,PUT
1,AMN,PUT
1,TPGY,CALL
1,ICLN,PUT
1,UTZ,PUT
1,PKI,PUT
1,PRU,PUT
1,IBN,CALL
1,VOO,PUT
1,IDXX,PUT
1,UMC,CALL
1,ATOM,PUT
1,ANF,CALL
1,SMFR,PUT
1,ARCH,PUT
1,ROP,CALL
1,SFIX,PUT
1,VIR,PUT
1,SPTN,CALL
1,LYV,PUT
1,CPNG,CALL
1,ESTC,PUT
1,KMPH,CALL
1,AUY,PUT
1,CIM,CALL
1,VSAT,PUT
1,IRM,CALL
1,MJ,PUT
1,GWH,PUT
1,DY,CALL
1,ACI,PUT
1,MCO,CALL
1,HT,PUT
1,PRPL,CALL
1,DECK,CALL
1,APPN,CALL
1,TROW,PUT
1,PSTH,CALL
1,GRPN,PUT
1,HPE,CALL
1,TMUS,CALL
1,BBAI,CALL
1,CPNG,PUT
1,CALX,CALL
1,CRL,PUT
1,ODP,CALL
1,SKX,CALL
1,EOSE,PUT
1,META,CALL
1,BEN,CALL
1,HES,PUT
1,SAVE,CALL
1,CRDF,CALL
1,SPGI,CALL
1,ALLO,CALL
1,TMUS,PUT
1,BUD,PUT
1,APTV,CALL
1,TREX,CALL
1,ADS,PUT
1,WDC,CALL
1,IBM,PUT
1,LUMN,PUT
1,WAT,CALL
1,ICE,PUT
1,MKC,PUT
1,VRT,PUT
1,OMF,PUT
1,SWAV,CALL
1,LABD,CALL
1,VRSK,CALL
1,SABR,CALL
1,ECL,CALL
1,MKTX,PUT
1,SWKS,PUT
1,NEWR,PUT
1,GD,CALL
1,HSBC,PUT
1,OMER,PUT
1,WPRT,PUT
1,ZYXI,PUT
1,CTRM,PUT
1,ICLR,CALL
1,OEG,PUT
1,BHG,PUT
1,DDS,PUT
1,CDXS,CALL
1,WMB,CALL
1,MCO,PUT
1,AGNC,PUT
1,TM,PUT
1,ALNY,PUT
1,SRE,CALL
1,NM,CALL
1,MOH,PUT
1,NTLA,PUT
1,CHGG,CALL
1,ASYS,PUT
1,BAND,PUT
1,MIME,CALL
1,ARVL,CALL
1,IPGP,PUT
1,APTV,PUT
1,CND,CALL
1,PROG,CALL
1,CPRI,PUT
1,TVTX,PUT
1,NDAQ,CALL
1,PCRX,PUT
1,FSR,PUT
1,JNJ,PUT
1,ZDGE,PUT
1,MBI,PUT
1,CACC,CALL
1,WTRH,CALL
1,GT,CALL
1,SU,CALL
1,TCOM,PUT
1,ITW,PUT
1,BOX,PUT
1,FXY,CALL
1,SFNC,PUT
1,DAC,PUT
1,MAT,CALL
1,BBD,PUT
1,THO,CALL
1,KPLT,CALL
1,AES,PUT
1,AOSL,CALL
1,CNHI,CALL
1,IGMS,PUT
1,MAC,CALL
1,PAAS,PUT
1,AR,PUT
1,TASK,CALL
1,VNDA,PUT
1,TXT,PUT
1,SEAT,PUT
1,DOC,CALL
1,GWH,CALL
1,AMLP,CALL
1,ISEE,CALL
1,SDGR,CALL
1,CRSP,PUT
1,EXR,PUT
1,CERE,CALL
1,VSCO,CALL
1,UGA,CALL
1,WSC,CALL
1,SWK,CALL
1,ZGNX,CALL
1,CDLX,PUT
1,VFH,CALL
1,ED,CALL
1,STM,CALL
1,TFC,CALL
1,FTCV,PUT
1,JOE,CALL
1,HYG,CALL
1,PDD,CALL
1,EXC,CALL
1,ALV,CALL
1,CPRT,PUT
1,GSK,CALL
1,BTAI,CALL
1,SPT,CALL
1,OM,PUT
1,FIVN,PUT
1,HYZN,CALL
1,MGA,PUT
1,TGB,CALL
1,MAG,CALL
1,WWD,CALL
1,IIVI,PUT
1,FFIE,PUT
1,ME,CALL
1,MNDY,PUT
1,ETN,CALL
1,VCR,PUT
1,ARNA,CALL
1,AXON,PUT
1,CYBR,PUT
1,DISCA,CALL
1,MSGE,CALL
1,WSM,PUT
1,SCCO,CALL
1,GOTU,PUT
1,LMT,CALL
1,ADS,CALL
1,CAMT,CALL
1,KBE,PUT
1,ATHA,PUT
1,YETI,CALL
1,EMB,CALL
1,RDFN,CALL
1,AJG,CALL
1,IBB,PUT
1,BRDS,CALL
1,PAYX,PUT
1,DUK,CALL
1,TDC,CALL
1,IRTC,CALL
1,BKR,CALL
1,HUT,PUT
1,CUTR,PUT
1,BTCY,PUT
1,BZUN,PUT
1,AGQ,CALL
1,KBH,CALL
1,VXRT,PUT
1,KIND,PUT
1,STAG,CALL
1,NVCR,CALL
1,IVV,CALL
1,ARKF,CALL
1,BITF,PUT
1,TAN,CALL
1,SYNA,CALL
1,SHY,CALL
1,ET,PUT
1,TOL,CALL
1,DLTR,CALL
1,GENI,PUT
1,HLTH,CALL
1,TMV,CALL
1,BRZU,CALL
1,CRSR,CALL
1,YNDX,PUT
1,ENDP,CALL
1,CALT,CALL
1,CCJ,CALL
1,BRFS,CALL
1,MP,PUT
1,IRM,PUT
1,BLOK,PUT
1,TGTX,CALL
1,PXD,CALL
1,AB,PUT
1,DNA,PUT
1,TREE,PUT
1,AXON,CALL
1,CHAU,CALL
1,BNO,CALL
1,MTCH,CALL
1,CYBR,CALL
1,PTF,PUT
1,PAYC,CALL
1,NGL,CALL
1,GXO,CALL
1,NOVA,PUT
1,EAT,PUT
1,FIGS,PUT
1,FL,CALL
1,NVEI,CALL
1,ARCB,CALL
1,VCRA,PUT
1,IJR,CALL
1,GOOS,CALL
1,HMY,CALL
1,VGT,CALL
1,KIND,CALL
1,IDXX,CALL
1,DMTK,CALL
1,HMC,CALL
1,MAT,PUT
1,ARKW,CALL
1,SYY,CALL
1,HYFM,CALL
1,FLR,PUT
1,AGIO,CALL
1,XP,PUT
1,JMIA,CALL
1,VXUS,PUT
1,BCTX,PUT
1,MNDT,PUT
1,WIX,CALL
1,AMLP,PUT
1,JMIA,PUT
1,CPT,CALL
1,TROX,CALL
1,SPCE,CALL
1,XLV,PUT
1,AMBA,PUT
1,MNST,CALL
1,AEG,PUT
1,ERIC,PUT
1,BIGC,PUT
1,ERX,CALL
1,ASIX,CALL
1,LPRO,CALL
1,IIPR,CALL
1,JKS,PUT
1,WBA,CALL
1,EWY,PUT
1,PLAY,CALL
1,WE,PUT
1,WST,CALL
1,NOC,CALL
1,OCGN,PUT
1,EPAM,CALL
1,PAA,PUT
1,TCOM,CALL
1,CARG,CALL
1,UHAL,CALL
1,OPEN,PUT
1,BOOT,CALL
1,CARR,CALL
1,KGC,PUT
1,MJ,CALL
1,CTAS,PUT
1,CIEN,PUT
1,OTIS,PUT
1,ROOT,PUT
1,DNMR,PUT
1,SAIA,PUT
1,PII,CALL
1,EPD,CALL
1,VTRS,CALL
1,POWW,CALL
1,ALK,PUT
1,OLN,PUT
1,DLO,PUT
1,SCHW,PUT
1,EQT,PUT
1,DUOL,PUT
1,ACLS,CALL
1,CLSK,CALL
1,SPR,PUT
1,CFG,CALL
1,TTCF,CALL
1,PVG,CALL
1,ARNA,PUT
1,EGHT,PUT
1,RXT,CALL
1,ADP,CALL
1,KLAC,PUT
1,ACB,CALL
1,GDS,PUT
1,CLOV,PUT
1,PNC,CALL
1,ANTM,PUT
1,PSTG,CALL
1,GLW,CALL
1,GH,CALL
1,COMM,PUT
1,AON,PUT
1,RENT,PUT
1,AKAM,PUT
1,TTWO,CALL
1,NNOX,PUT
1,DQ,CALL
1,OZON,PUT
1,STLA,CALL
1,SSYS,PUT
1,MX,PUT
1,TNDM,CALL
1,EWJ,PUT
1,IIPR,PUT
1,RGLD,PUT
1,RSI,CALL
1,DRIP,CALL
1,LIN,PUT
1,NDAQ,PUT
1,ULTA,PUT
1,ICAD,PUT
1,CRC,PUT
1,SM,CALL
1,WIRE,CALL
1,ARVL,PUT
1,GDRX,CALL
1,LAMR,PUT
1,PHG,PUT
1,QDEL,PUT
1,EQR,CALL
1,QQQJ,CALL
1,DCPH,CALL
1,CRSR,PUT
1,URA,PUT
1,FND,CALL
1,PEAK,PUT
1,DNA,CALL
1,PLAY,PUT
1,VTNR,CALL
1,EW,CALL
1,CB,CALL
1,JAZZ,PUT
1,XLC,PUT
1,HEXO,PUT
1,SAVE,PUT
1,KOLD,CALL
1,ADES,CALL
1,RPD,PUT
1,DD,CALL
1,WST,PUT
1,UNP,PUT
1,BYD,PUT
1,VERI,PUT
1,IP,CALL
1,FBHS,CALL
1,FRPT,CALL
1,AMWD,PUT
1,ASHR,CALL
1,RMD,CALL
1,ACI,CALL
1,ATH,CALL
1,ONCT,PUT
1,TRV,CALL
1,COMP,PUT
1,MPLX,PUT
1,IAC,PUT
1,UCTT,CALL
1,NVTS,PUT
1,DECK,PUT
1,DBX,CALL
1,MESO,CALL
1,GLW,PUT
1,EH,PUT
1,HYFM,PUT
1,USB,CALL
1,SMAR,PUT
1,ALGN,PUT
1,MTN,CALL
1,TREX,PUT
1,CHE,CALL
1,IHI,PUT
1,TELL,CALL
1,KRNT,PUT
1,ATSG,CALL
1,HTHT,PUT
1,PATH,CALL
1,S,PUT
1,UNP,CALL
1,JNK,PUT
1,CGNT,CALL
1,SSYS,CALL
1,TDG,PUT
1,AMGN,PUT
1,SPYG,CALL
1,APO,PUT
1,MGNI,PUT
1,WOLF,CALL
1,NXPI,CALL
1,AIG,PUT
1,HIMX,PUT
1,CBRE,CALL
1,BLU,PUT
1,HTA,CALL
1,LOVE,PUT
1,HIMX,CALL
1,ANF,PUT
1,BK,CALL
1,IWF,PUT
1,NAVI,CALL
1,PLL,PUT
1,SIG,CALL
